{"2011":[{"date":"2011-01-01","localName":"Nouvel An"},{"date":"2011-04-25","localName":"Lundi de Pâques"},{"date":"2011-05-01","localName":"Fête du Travail"},{"date":"2011-05-08","localName":"Fête de la Victoire"},{"date":"2011-06-02","localName":"Ascension"},{"date":"2011-06-13","localName":"Lundi de Pentecôte"},{"date":"2011-07-14","localName":"Fête Nationale"},{"date":"2011-08-15","localName":"Assomption"},{"date":"2011-11-01","localName":"Toussaint"},{"date":"2011-11-11","localName":"Armistice"},{"date":"2011-12-25","localName":"Noël"}],"2012":[{"date":"2012-01-01","localName":"Nouvel An"},{"date":"2012-04-09","localName":"Lundi de Pâques"},{"date":"2012-05-01","localName":"Fête du Travail"},{"date":"2012-05-08","localName":"Fête de la Victoire"},{"date":"2012-05-17","localName":"Ascension"},{"date":"2012-05-28","localName":"Lundi de Pentecôte"},{"date":"2012-07-14","localName":"Fête Nationale"},{"date":"2012-08-15","localName":"Assomption"},{"date":"2012-11-01","localName":"Toussaint"},{"date":"2012-11-11","localName":"Armistice"},{"date":"2012-12-25","localName":"Noël"}],"2013":[{"date":"2013-01-01","localName":"Nouvel An"},{"date":"2013-04-01","localName":"Lundi de Pâques"},{"date":"2013-05-01","localName":"Fête du Travail"},{"date":"2013-05-08","localName":"Fête de la Victoire"},{"date":"2013-05-09","localName":"Ascension"},{"date":"2013-05-20","localName":"Lundi de Pentecôte"},{"date":"2013-07-14","localName":"Fête Nationale"},{"date":"2013-08-15","localName":"Assomption"},{"date":"2013-11-01","localName":"Toussaint"},{"date":"2013-11-11","localName":"Armistice"},{"date":"2013-12-25","localName":"Noël"}],"2014":[{"date":"2014-01-01","localName":"Nouvel An"},{"date":"2014-04-21","localName":"Lundi de Pâques"},{"date":"2014-05-01","localName":"Fête du Travail"},{"date":"2014-05-08","localName":"Fête de la Victoire"},{"date":"2014-05-29","localName":"Ascension"},{"date":"2014-06-09","localName":"Lundi de Pentecôte"},{"date":"2014-07-14","localName":"Fête Nationale"},{"date":"2014-08-15","localName":"Assomption"},{"date":"2014-11-01","localName":"Toussaint"},{"date":"2014-11-11","localName":"Armistice"},{"date":"2014-12-25","localName":"Noël"}],"2015":[{"date":"2015-01-01","localName":"Nouvel An"},{"date":"2015-04-06","localName":"Lundi de Pâques"},{"date":"2015-05-01","localName":"Fête du Travail"},{"date":"2015-05-08","localName":"Fête de la Victoire"},{"date":"2015-05-14","localName":"Ascension"},{"date":"2015-05-25","localName":"Lundi de Pentecôte"},{"date":"2015-07-14","localName":"Fête Nationale"},{"date":"2015-08-15","localName":"Assomption"},{"date":"2015-11-01","localName":"Toussaint"},{"date":"2015-11-11","localName":"Armistice"},{"date":"2015-12-25","localName":"Noël"}],"2016":[{"date":"2016-01-01","localName":"Nouvel An"},{"date":"2016-03-28","localName":"Lundi de Pâques"},{"date":"2016-05-01","localName":"Fête du Travail"},{"date":"2016-05-05","localName":"Ascension"},{"date":"2016-05-08","localName":"Fête de la Victoire"},{"date":"2016-05-16","localName":"Lundi de Pentecôte"},{"date":"2016-07-14","localName":"Fête Nationale"},{"date":"2016-08-15","localName":"Assomption"},{"date":"2016-11-01","localName":"Toussaint"},{"date":"2016-11-11","localName":"Armistice"},{"date":"2016-12-25","localName":"Noël"}],"2017":[{"date":"2017-01-01","localName":"Nouvel An"},{"date":"2017-04-17","localName":"Lundi de Pâques"},{"date":"2017-05-01","localName":"Fête du Travail"},{"date":"2017-05-08","localName":"Fête de la Victoire"},{"date":"2017-05-25","localName":"Ascension"},{"date":"2017-06-05","localName":"Lundi de Pentecôte"},{"date":"2017-07-14","localName":"Fête Nationale"},{"date":"2017-08-15","localName":"Assomption"},{"date":"2017-11-01","localName":"Toussaint"},{"date":"2017-11-11","localName":"Armistice"},{"date":"2017-12-25","localName":"Noël"}],"2018":[{"date":"2018-01-01","localName":"Nouvel An"},{"date":"2018-04-02","localName":"Lundi de Pâques"},{"date":"2018-05-01","localName":"Fête du Travail"},{"date":"2018-05-08","localName":"Fête de la Victoire"},{"date":"2018-05-10","localName":"Ascension"},{"date":"2018-05-21","localName":"Lundi de Pentecôte"},{"date":"2018-07-14","localName":"Fête Nationale"},{"date":"2018-08-15","localName":"Assomption"},{"date":"2018-11-01","localName":"Toussaint"},{"date":"2018-11-11","localName":"Armistice"},{"date":"2018-12-25","localName":"Noël"}],"2019":[{"date":"2019-01-01","localName":"Nouvel An"},{"date":"2019-04-22","localName":"Lundi de Pâques"},{"date":"2019-05-01","localName":"Fête du Travail"},{"date":"2019-05-08","localName":"Fête de la Victoire"},{"date":"2019-05-30","localName":"Ascension"},{"date":"2019-06-10","localName":"Lundi de Pentecôte"},{"date":"2019-07-14","localName":"Fête Nationale"},{"date":"2019-08-15","localName":"Assomption"},{"date":"2019-11-01","localName":"Toussaint"},{"date":"2019-11-11","localName":"Armistice"},{"date":"2019-12-25","localName":"Noël"}],"2020":[{"date":"2020-01-01","localName":"Nouvel An"},{"date":"2020-04-13","localName":"Lundi de Pâques"},{"date":"2020-05-01","localName":"Fête du Travail"},{"date":"2020-05-08","localName":"Fête de la Victoire"},{"date":"2020-05-21","localName":"Ascension"},{"date":"2020-06-01","localName":"Lundi de Pentecôte"},{"date":"2020-07-14","localName":"Fête Nationale"},{"date":"2020-08-15","localName":"Assomption"},{"date":"2020-11-01","localName":"Toussaint"},{"date":"2020-11-11","localName":"Armistice"},{"date":"2020-12-25","localName":"Noël"}],"2021":[{"date":"2021-01-01","localName":"Nouvel An"},{"date":"2021-04-05","localName":"Lundi de Pâques"},{"date":"2021-05-01","localName":"Fête du Travail"},{"date":"2021-05-08","localName":"Fête de la Victoire"},{"date":"2021-05-13","localName":"Ascension"},{"date":"2021-05-24","localName":"Lundi de Pentecôte"},{"date":"2021-07-14","localName":"Fête Nationale"},{"date":"2021-08-15","localName":"Assomption"},{"date":"2021-11-01","localName":"Toussaint"},{"date":"2021-11-11","localName":"Armistice"},{"date":"2021-12-25","localName":"Noël"}],"2022":[{"date":"2022-01-01","localName":"Nouvel An"},{"date":"2022-04-18","localName":"Lundi de Pâques"},{"date":"2022-05-01","localName":"Fête du Travail"},{"date":"2022-05-08","localName":"Fête de la Victoire"},{"date":"2022-05-26","localName":"Ascension"},{"date":"2022-06-06","localName":"Lundi de Pentecôte"},{"date":"2022-07-14","localName":"Fête Nationale"},{"date":"2022-08-15","localName":"Assomption"},{"date":"2022-11-01","localName":"Toussaint"},{"date":"2022-11-11","localName":"Armistice"},{"date":"2022-12-25","localName":"Noël"}],"2023":[{"date":"2023-01-01","localName":"Nouvel An"},{"date":"2023-04-10","localName":"Lundi de Pâques"},{"date":"2023-05-01","localName":"Fête du Travail"},{"date":"2023-05-08","localName":"Fête de la Victoire"},{"date":"2023-05-18","localName":"Ascension"},{"date":"2023-05-29","localName":"Lundi de Pentecôte"},{"date":"2023-07-14","localName":"Fête Nationale"},{"date":"2023-08-15","localName":"Assomption"},{"date":"2023-11-01","localName":"Toussaint"},{"date":"2023-11-11","localName":"Armistice"},{"date":"2023-12-25","localName":"Noël"}],"2024":[{"date":"2024-01-01","localName":"Nouvel An"},{"date":"2024-04-01","localName":"Lundi de Pâques"},{"date":"2024-05-01","localName":"Fête du Travail"},{"date":"2024-05-08","localName":"Fête de la Victoire"},{"date":"2024-05-09","localName":"Ascension"},{"date":"2024-05-20","localName":"Lundi de Pentecôte"},{"date":"2024-07-14","localName":"Fête Nationale"},{"date":"2024-08-15","localName":"Assomption"},{"date":"2024-11-01","localName":"Toussaint"},{"date":"2024-11-11","localName":"Armistice"},{"date":"2024-12-25","localName":"Noël"}],"2025":[{"date":"2025-01-01","localName":"Nouvel An"},{"date":"2025-04-21","localName":"Lundi de Pâques"},{"date":"2025-05-01","localName":"Fête du Travail"},{"date":"2025-05-08","localName":"Fête de la Victoire"},{"date":"2025-05-29","localName":"Ascension"},{"date":"2025-06-09","localName":"Lundi de Pentecôte"},{"date":"2025-07-14","localName":"Fête Nationale"},{"date":"2025-08-15","localName":"Assomption"},{"date":"2025-11-01","localName":"Toussaint"},{"date":"2025-11-11","localName":"Armistice"},{"date":"2025-12-25","localName":"Noël"}],"2026":[{"date":"2026-01-01","localName":"Nouvel An"},{"date":"2026-04-06","localName":"Lundi de Pâques"},{"date":"2026-05-01","localName":"Fête du Travail"},{"date":"2026-05-08","localName":"Fête de la Victoire"},{"date":"2026-05-14","localName":"Ascension"},{"date":"2026-05-25","localName":"Lundi de Pentecôte"},{"date":"2026-07-14","localName":"Fête Nationale"},{"date":"2026-08-15","localName":"Assomption"},{"date":"2026-11-01","localName":"Toussaint"},{"date":"2026-11-11","localName":"Armistice"},{"date":"2026-12-25","localName":"Noël"}],"2027":[{"date":"2027-01-01","localName":"Nouvel An"},{"date":"2027-03-29","localName":"Lundi de Pâques"},{"date":"2027-05-01","localName":"Fête du Travail"},{"date":"2027-05-06","localName":"Ascension"},{"date":"2027-05-08","localName":"Fête de la Victoire"},{"date":"2027-05-17","localName":"Lundi de Pentecôte"},{"date":"2027-07-14","localName":"Fête Nationale"},{"date":"2027-08-15","localName":"Assomption"},{"date":"2027-11-01","localName":"Toussaint"},{"date":"2027-11-11","localName":"Armistice"},{"date":"2027-12-25","localName":"Noël"}],"2028":[{"date":"2028-01-01","localName":"Nouvel An"},{"date":"2028-04-17","localName":"Lundi de Pâques"},{"date":"2028-05-01","localName":"Fête du Travail"},{"date":"2028-05-08","localName":"Fête de la Victoire"},{"date":"2028-05-25","localName":"Ascension"},{"date":"2028-06-05","localName":"Lundi de Pentecôte"},{"date":"2028-07-14","localName":"Fête Nationale"},{"date":"2028-08-15","localName":"Assomption"},{"date":"2028-11-01","localName":"Toussaint"},{"date":"2028-11-11","localName":"Armistice"},{"date":"2028-12-25","localName":"Noël"}],"2029":[{"date":"2029-01-01","localName":"Nouvel An"},{"date":"2029-04-02","localName":"Lundi de Pâques"},{"date":"2029-05-01","localName":"Fête du Travail"},{"date":"2029-05-08","localName":"Fête de la Victoire"},{"date":"2029-05-10","localName":"Ascension"},{"date":"2029-05-21","localName":"Lundi de Pentecôte"},{"date":"2029-07-14","localName":"Fête Nationale"},{"date":"2029-08-15","localName":"Assomption"},{"date":"2029-11-01","localName":"Toussaint"},{"date":"2029-11-11","localName":"Armistice"},{"date":"2029-12-25","localName":"Noël"}],"2030":[{"date":"2030-01-01","localName":"Nouvel An"},{"date":"2030-04-22","localName":"Lundi de Pâques"},{"date":"2030-05-01","localName":"Fête du Travail"},{"date":"2030-05-08","localName":"Fête de la Victoire"},{"date":"2030-05-30","localName":"Ascension"},{"date":"2030-06-10","localName":"Lundi de Pentecôte"},{"date":"2030-07-14","localName":"Fête Nationale"},{"date":"2030-08-15","localName":"Assomption"},{"date":"2030-11-01","localName":"Toussaint"},{"date":"2030-11-11","localName":"Armistice"},{"date":"2030-12-25","localName":"Noël"}],"2031":[{"date":"2031-01-01","localName":"Nouvel An"},{"date":"2031-04-14","localName":"Lundi de Pâques"},{"date":"2031-05-01","localName":"Fête du Travail"},{"date":"2031-05-08","localName":"Fête de la Victoire"},{"date":"2031-05-22","localName":"Ascension"},{"date":"2031-06-02","localName":"Lundi de Pentecôte"},{"date":"2031-07-14","localName":"Fête Nationale"},{"date":"2031-08-15","localName":"Assomption"},{"date":"2031-11-01","localName":"Toussaint"},{"date":"2031-11-11","localName":"Armistice"},{"date":"2031-12-25","localName":"Noël"}],"2032":[{"date":"2032-01-01","localName":"Nouvel An"},{"date":"2032-03-29","localName":"Lundi de Pâques"},{"date":"2032-05-01","localName":"Fête du Travail"},{"date":"2032-05-06","localName":"Ascension"},{"date":"2032-05-08","localName":"Fête de la Victoire"},{"date":"2032-05-17","localName":"Lundi de Pentecôte"},{"date":"2032-07-14","localName":"Fête Nationale"},{"date":"2032-08-15","localName":"Assomption"},{"date":"2032-11-01","localName":"Toussaint"},{"date":"2032-11-11","localName":"Armistice"},{"date":"2032-12-25","localName":"Noël"}],"2033":[{"date":"2033-01-01","localName":"Nouvel An"},{"date":"2033-04-18","localName":"Lundi de Pâques"},{"date":"2033-05-01","localName":"Fête du Travail"},{"date":"2033-05-08","localName":"Fête de la Victoire"},{"date":"2033-05-26","localName":"Ascension"},{"date":"2033-06-06","localName":"Lundi de Pentecôte"},{"date":"2033-07-14","localName":"Fête Nationale"},{"date":"2033-08-15","localName":"Assomption"},{"date":"2033-11-01","localName":"Toussaint"},{"date":"2033-11-11","localName":"Armistice"},{"date":"2033-12-25","localName":"Noël"}],"2034":[{"date":"2034-01-01","localName":"Nouvel An"},{"date":"2034-04-10","localName":"Lundi de Pâques"},{"date":"2034-05-01","localName":"Fête du Travail"},{"date":"2034-05-08","localName":"Fête de la Victoire"},{"date":"2034-05-18","localName":"Ascension"},{"date":"2034-05-29","localName":"Lundi de Pentecôte"},{"date":"2034-07-14","localName":"Fête Nationale"},{"date":"2034-08-15","localName":"Assomption"},{"date":"2034-11-01","localName":"Toussaint"},{"date":"2034-11-11","localName":"Armistice"},{"date":"2034-12-25","localName":"Noël"}],"2035":[{"date":"2035-01-01","localName":"Nouvel An"},{"date":"2035-03-26","localName":"Lundi de Pâques"},{"date":"2035-05-01","localName":"Fête du Travail"},{"date":"2035-05-03","localName":"Ascension"},{"date":"2035-05-08","localName":"Fête de la Victoire"},{"date":"2035-05-14","localName":"Lundi de Pentecôte"},{"date":"2035-07-14","localName":"Fête Nationale"},{"date":"2035-08-15","localName":"Assomption"},{"date":"2035-11-01","localName":"Toussaint"},{"date":"2035-11-11","localName":"Armistice"},{"date":"2035-12-25","localName":"Noël"}],"2036":[{"date":"2036-01-01","localName":"Nouvel An"},{"date":"2036-04-14","localName":"Lundi de Pâques"},{"date":"2036-05-01","localName":"Fête du Travail"},{"date":"2036-05-08","localName":"Fête de la Victoire"},{"date":"2036-05-22","localName":"Ascension"},{"date":"2036-06-02","localName":"Lundi de Pentecôte"},{"date":"2036-07-14","localName":"Fête Nationale"},{"date":"2036-08-15","localName":"Assomption"},{"date":"2036-11-01","localName":"Toussaint"},{"date":"2036-11-11","localName":"Armistice"},{"date":"2036-12-25","localName":"Noël"}]}